areaType,areaName,areaCode,date,newCasesBySpecimenDate,cumCasesBySpecimenDate,newFirstEpisodesBySpecimenDate,cumFirstEpisodesBySpecimenDate,newReinfectionsBySpecimenDate,cumReinfectionsBySpecimenDate
nation,England,E92000001,2023-04-26,942,20795205,541,19248358,401,1546847
nation,England,E92000001,2023-04-25,1426,20794263,848,19247817,578,1546446
nation,England,E92000001,2023-04-24,1630,20792837,966,19246969,664,1545868
nation,England,E92000001,2023-04-23,1391,20791207,833,19246003,558,1545204
nation,England,E92000001,2023-04-22,1162,20789816,746,19245170,416,1544646
nation,England,E92000001,2023-04-21,1291,20788654,832,19244424,459,1544230
nation,England,E92000001,2023-04-20,1448,20787363,948,19243592,500,1543771
nation,England,E92000001,2023-04-19,1697,20785915,1081,19242644,616,1543271
nation,England,E92000001,2023-04-18,1780,20784218,1123,19241563,657,1542655
nation,England,E92000001,2023-04-17,2036,20782438,1294,19240440,742,1541998
nation,England,E92000001,2023-04-16,1772,20780402,1107,19239146,665,1541256
nation,England,E92000001,2023-04-15,1265,20778630,786,19238039,479,1540591
nation,England,E92000001,2023-04-14,1549,20777365,1000,19237253,549,1540112
nation,England,E92000001,2023-04-13,1871,20775816,1220,19236253,651,1539563
nation,England,E92000001,2023-04-12,2053,20773945,1326,19235033,727,1538912
nation,England,E92000001,2023-04-11,2282,20771892,1475,19233707,807,1538185
nation,England,E92000001,2023-04-10,2132,20769610,1338,19232232,794,1537378
nation,England,E92000001,2023-04-09,1639,20767478,1096,19230894,543,1536584
nation,England,E92000001,2023-04-08,1528,20765839,1006,19229798,522,1536041
nation,England,E92000001,2023-04-07,1597,20764311,1057,19228792,540,1535519
nation,England,E92000001,2023-04-06,1958,20762714,1288,19227735,670,1534979
nation,England,E92000001,2023-04-05,2235,20760756,1421,19226447,814,1534309
nation,England,E92000001,2023-04-04,2177,20758521,1429,19225026,748,1533495
nation,England,E92000001,2023-04-03,2456,20756344,1562,19223597,894,1532747
nation,England,E92000001,2023-04-02,2249,20753888,1418,19222035,831,1531853
nation,England,E92000001,2023-04-01,2081,20751639,1338,19220617,743,1531022
nation,England,E92000001,2023-03-31,2505,20749558,1598,19219279,907,1530279
nation,England,E92000001,2023-03-30,3046,20747053,1939,19217681,1107,1529372
nation,England,E92000001,2023-03-29,3434,20744007,2111,19215742,1323,1528265
nation,England,E92000001,2023-03-28,3590,20740573,2216,19213631,1374,1526942
nation,England,E92000001,2023-03-27,3923,20736983,2349,19211415,1574,1525568
nation,England,E92000001,2023-03-26,3152,20733060,1879,19209066,1273,1523994
nation,England,E92000001,2023-03-25,2752,20729908,1715,19207187,1037,1522721
nation,England,E92000001,2023-03-24,3737,20727156,2310,19205472,1427,1521684
nation,England,E92000001,2023-03-23,3960,20723419,2372,19203162,1588,1520257
nation,England,E92000001,2023-03-22,4321,20719459,2614,19200790,1707,1518669
nation,England,E92000001,2023-03-21,4748,20715138,2882,19198176,1866,1516962
nation,England,E92000001,2023-03-20,4727,20710390,2789,19195294,1938,1515096
nation,England,E92000001,2023-03-19,3681,20705663,2176,19192505,1505,1513158
nation,England,E92000001,2023-03-18,3100,20701982,1917,19190329,1183,1511653
nation,England,E92000001,2023-03-17,3708,20698882,2336,19188412,1372,1510470
nation,England,E92000001,2023-03-16,4346,20695174,2642,19186076,1704,1509098
nation,England,E92000001,2023-03-15,4367,20690828,2663,19183434,1704,1507394
nation,England,E92000001,2023-03-14,5065,20686461,3059,19180771,2006,1505690
nation,England,E92000001,2023-03-13,5290,20681396,3140,19177712,2150,1503684
nation,England,E92000001,2023-03-12,4025,20676106,2389,19174572,1636,1501534
nation,England,E92000001,2023-03-11,3084,20672081,1892,19172183,1192,1499898
nation,England,E92000001,2023-03-10,3592,20668997,2267,19170291,1325,1498706
nation,England,E92000001,2023-03-09,3959,20665405,2426,19168024,1533,1497381
nation,England,E92000001,2023-03-08,4315,20661446,2634,19165598,1681,1495848
nation,England,E92000001,2023-03-07,4450,20657131,2731,19162964,1719,1494167
nation,England,E92000001,2023-03-06,4575,20652681,2696,19160233,1879,1492448
nation,England,E92000001,2023-03-05,3152,20648106,1897,19157537,1255,1490569
nation,England,E92000001,2023-03-04,2568,20644954,1554,19155640,1014,1489314
nation,England,E92000001,2023-03-03,3419,20642386,2081,19154086,1338,1488300
nation,England,E92000001,2023-03-02,3562,20638967,2233,19152005,1329,1486962
nation,England,E92000001,2023-03-01,3968,20635405,2438,19149772,1530,1485633
nation,England,E92000001,2023-02-28,4151,20631437,2474,19147334,1677,1484103
nation,England,E92000001,2023-02-27,4314,20627286,2625,19144860,1689,1482426
nation,England,E92000001,2023-02-26,2898,20622972,1777,19142235,1121,1480737
nation,England,E92000001,2023-02-25,2524,20620074,1588,19140458,936,1479616
nation,England,E92000001,2023-02-24,3113,20617550,1928,19138870,1185,1478680
nation,England,E92000001,2023-02-23,3482,20614437,2180,19136942,1302,1477495
nation,England,E92000001,2023-02-22,3851,20610955,2317,19134762,1534,1476193
nation,England,E92000001,2023-02-21,4315,20607104,2549,19132445,1766,1474659
nation,England,E92000001,2023-02-20,4544,20602789,2705,19129896,1839,1472893
nation,England,E92000001,2023-02-19,3436,20598245,2061,19127191,1375,1471054
nation,England,E92000001,2023-02-18,2906,20594809,1843,19125130,1063,1469679
nation,England,E92000001,2023-02-17,3780,20591903,2317,19123287,1463,1468616
nation,England,E92000001,2023-02-16,4006,20588123,2506,19120970,1500,1467153
nation,England,E92000001,2023-02-15,3897,20584117,2388,19118464,1509,1465653
nation,England,E92000001,2023-02-14,4354,20580220,2633,19116076,1721,1464144
nation,England,E92000001,2023-02-13,4545,20575866,2763,19113443,1782,1462423
nation,England,E92000001,2023-02-12,2921,20571321,1808,19110680,1113,1460641
nation,England,E92000001,2023-02-11,2394,20568400,1506,19108872,888,1459528
nation,England,E92000001,2023-02-10,3046,20566006,1941,19107366,1105,1458640
nation,England,E92000001,2023-02-09,3038,20562960,1882,19105425,1156,1457535
nation,England,E92000001,2023-02-08,3331,20559922,2000,19103543,1331,1456379
nation,England,E92000001,2023-02-07,3393,20556591,2063,19101543,1330,1455048
nation,England,E92000001,2023-02-06,3620,20553198,2159,19099480,1461,1453718
nation,England,E92000001,2023-02-05,2614,20549578,1570,19097321,1044,1452257
nation,England,E92000001,2023-02-04,2223,20546964,1372,19095751,851,1451213
nation,England,E92000001,2023-02-03,2744,20544741,1706,19094379,1038,1450362
nation,England,E92000001,2023-02-02,2954,20541997,1858,19092673,1096,1449324
nation,England,E92000001,2023-02-01,3209,20539043,1958,19090815,1251,1448228
nation,England,E92000001,2023-01-31,3275,20535834,1941,19088857,1334,1446977
nation,England,E92000001,2023-01-30,3272,20532559,1979,19086916,1293,1445643
nation,England,E92000001,2023-01-29,2249,20529287,1307,19084937,942,1444350
nation,England,E92000001,2023-01-28,1802,20527038,1175,19083630,627,1443408
nation,England,E92000001,2023-01-27,2269,20525236,1453,19082455,816,1442781
nation,England,E92000001,2023-01-26,2334,20522967,1463,19081002,871,1441965
nation,England,E92000001,2023-01-25,2419,20520633,1466,19079539,953,1441094
nation,England,E92000001,2023-01-24,2549,20518214,1532,19078073,1017,1440141
nation,England,E92000001,2023-01-23,2385,20515665,1450,19076541,935,1439124
nation,England,E92000001,2023-01-22,1748,20513280,1017,19075091,731,1438189
nation,England,E92000001,2023-01-21,1400,20511532,902,19074074,498,1437458
nation,England,E92000001,2023-01-20,1700,20510132,1095,19073172,605,1436960
nation,England,E92000001,2023-01-19,1809,20508432,1123,19072077,686,1436355
nation,England,E92000001,2023-01-18,1895,20506623,1207,19070954,688,1435669
nation,England,E92000001,2023-01-17,1984,20504728,1244,19069747,740,1434981
nation,England,E92000001,2023-01-16,2308,20502744,1401,19068503,907,1434241
nation,England,E92000001,2023-01-15,1673,20500436,1020,19067102,653,1433334
nation,England,E92000001,2023-01-14,1326,20498763,896,19066082,430,1432681
nation,England,E92000001,2023-01-13,1910,20497437,1217,19065186,693,1432251
nation,England,E92000001,2023-01-12,2199,20495527,1430,19063969,769,1431558
nation,England,E92000001,2023-01-11,2369,20493328,1556,19062539,813,1430789
nation,England,E92000001,2023-01-10,2799,20490959,1792,19060983,1007,1429976
nation,England,E92000001,2023-01-09,3205,20488160,2022,19059191,1183,1428969
nation,England,E92000001,2023-01-08,2495,20484955,1590,19057169,905,1427786
nation,England,E92000001,2023-01-07,2414,20482460,1630,19055579,784,1426881
nation,England,E92000001,2023-01-06,3410,20480046,2291,19053949,1119,1426097
nation,England,E92000001,2023-01-05,4162,20476636,2647,19051658,1515,1424978
nation,England,E92000001,2023-01-04,5005,20472474,3163,19049011,1842,1423463
nation,England,E92000001,2023-01-03,5738,20467469,3566,19045848,2172,1421621
nation,England,E92000001,2023-01-02,4632,20461731,2943,19042282,1689,1419449
nation,England,E92000001,2023-01-01,3333,20457099,2273,19039339,1060,1417760
nation,England,E92000001,2022-12-31,3887,20453766,2647,19037066,1240,1416700
nation,England,E92000001,2022-12-30,5517,20449879,3758,19034419,1759,1415460
nation,England,E92000001,2022-12-29,6946,20444362,4713,19030661,2233,1413701
nation,England,E92000001,2022-12-28,7606,20437416,5076,19025948,2530,1411468
nation,England,E92000001,2022-12-27,5972,20429810,3917,19020872,2055,1408938
nation,England,E92000001,2022-12-26,4490,20423838,3049,19016955,1441,1406883
nation,England,E92000001,2022-12-25,3382,20419348,2413,19013906,969,1405442
nation,England,E92000001,2022-12-24,3778,20415966,2737,19011493,1041,1404473
nation,England,E92000001,2022-12-23,5221,20412188,3645,19008756,1576,1403432
nation,England,E92000001,2022-12-22,6235,20406967,4235,19005111,2000,1401856
nation,England,E92000001,2022-12-21,7034,20400732,4719,19000876,2315,1399856
nation,England,E92000001,2022-12-20,7829,20393698,5286,18996157,2543,1397541
nation,England,E92000001,2022-12-19,8241,20385869,5466,18990871,2775,1394998
nation,England,E92000001,2022-12-18,5210,20377628,3479,18985405,1731,1392223
nation,England,E92000001,2022-12-17,4272,20372418,2837,18981926,1435,1390492
nation,England,E92000001,2022-12-16,5528,20368146,3776,18979089,1752,1389057
nation,England,E92000001,2022-12-15,5547,20362618,3619,18975313,1928,1387305
nation,England,E92000001,2022-12-14,5961,20357071,3900,18971694,2061,1385377
nation,England,E92000001,2022-12-13,6484,20351110,4219,18967794,2265,1383316
nation,England,E92000001,2022-12-12,6353,20344626,4159,18963575,2194,1381051
nation,England,E92000001,2022-12-11,4224,20338273,2703,18959416,1521,1378857
nation,England,E92000001,2022-12-10,3285,20334049,2180,18956713,1105,1377336
nation,England,E92000001,2022-12-09,3825,20330764,2562,18954533,1263,1376231
nation,England,E92000001,2022-12-08,4092,20326939,2675,18951971,1417,1374968
nation,England,E92000001,2022-12-07,4640,20322847,2945,18949296,1695,1373551
nation,England,E92000001,2022-12-06,4763,20318207,3057,18946351,1706,1371856
nation,England,E92000001,2022-12-05,4852,20313444,3019,18943294,1833,1370150
nation,England,E92000001,2022-12-04,3409,20308592,2182,18940275,1227,1368317
nation,England,E92000001,2022-12-03,2481,20305183,1621,18938093,860,1367090
nation,England,E92000001,2022-12-02,3274,20302702,2150,18936472,1124,1366230
nation,England,E92000001,2022-12-01,3215,20299428,2065,18934322,1150,1365106
nation,England,E92000001,2022-11-30,3608,20296213,2263,18932257,1345,1363956
nation,England,E92000001,2022-11-29,3972,20292605,2525,18929994,1447,1362611
nation,England,E92000001,2022-11-28,4238,20288633,2703,18927469,1535,1361164
nation,England,E92000001,2022-11-27,3151,20284395,1964,18924766,1187,1359629
nation,England,E92000001,2022-11-26,2304,20281244,1486,18922802,818,1358442
nation,England,E92000001,2022-11-25,2640,20278940,1773,18921316,867,1357624
nation,England,E92000001,2022-11-24,3005,20276300,1881,18919543,1124,1356757
nation,England,E92000001,2022-11-23,3241,20273295,2095,18917662,1146,1355633
nation,England,E92000001,2022-11-22,3452,20270054,2122,18915567,1330,1354487
nation,England,E92000001,2022-11-21,3549,20266602,2181,18913445,1368,1353157
nation,England,E92000001,2022-11-20,2611,20263053,1643,18911264,968,1351789
nation,England,E92000001,2022-11-19,2206,20260442,1464,18909621,742,1350821
nation,England,E92000001,2022-11-18,2501,20258236,1669,18908157,832,1350079
nation,England,E92000001,2022-11-17,2703,20255735,1714,18906488,989,1349247
nation,England,E92000001,2022-11-16,2934,20253032,1911,18904774,1023,1348258
nation,England,E92000001,2022-11-15,3160,20250098,2019,18902863,1141,1347235
nation,England,E92000001,2022-11-14,3494,20246938,2209,18900844,1285,1346094
nation,England,E92000001,2022-11-13,2647,20243444,1689,18898635,958,1344809
nation,England,E92000001,2022-11-12,2172,20240797,1474,18896946,698,1343851
nation,England,E92000001,2022-11-11,2561,20238625,1729,18895472,832,1343153
nation,England,E92000001,2022-11-10,2806,20236064,1888,18893743,918,1342321
nation,England,E92000001,2022-11-09,3186,20233258,2108,18891855,1078,1341403
nation,England,E92000001,2022-11-08,3380,20230072,2186,18889747,1194,1340325
nation,England,E92000001,2022-11-07,3879,20226692,2495,18887561,1384,1339131
nation,England,E92000001,2022-11-06,2917,20222813,1863,18885066,1054,1337747
nation,England,E92000001,2022-11-05,2374,20219896,1591,18883203,783,1336693
nation,England,E92000001,2022-11-04,2760,20217522,1929,18881612,831,1335910
nation,England,E92000001,2022-11-03,3262,20214762,2202,18879683,1060,1335079
nation,England,E92000001,2022-11-02,3599,20211500,2417,18877481,1182,1334019
nation,England,E92000001,2022-11-01,4091,20207901,2715,18875064,1376,1332837
nation,England,E92000001,2022-10-31,4633,20203810,3107,18872349,1526,1331461
nation,England,E92000001,2022-10-30,3827,20199177,2567,18869242,1260,1329935
nation,England,E92000001,2022-10-29,3227,20195350,2266,18866675,961,1328675
nation,England,E92000001,2022-10-28,3916,20192123,2834,18864409,1082,1327714
nation,England,E92000001,2022-10-27,4374,20188207,3132,18861575,1242,1326632
nation,England,E92000001,2022-10-26,4924,20183833,3462,18858443,1462,1325390
nation,England,E92000001,2022-10-25,5179,20178909,3654,18854981,1525,1323928
nation,England,E92000001,2022-10-24,6147,20173730,4295,18851327,1852,1322403
nation,England,E92000001,2022-10-23,5011,20167583,3597,18847032,1414,1320551
nation,England,E92000001,2022-10-22,4527,20162572,3315,18843435,1212,1319137
nation,England,E92000001,2022-10-21,5760,20158045,4162,18840120,1598,1317925
nation,England,E92000001,2022-10-20,6076,20152285,4303,18835958,1773,1316327
nation,England,E92000001,2022-10-19,7041,20146209,5039,18831655,2002,1314554
nation,England,E92000001,2022-10-18,7665,20139168,5428,18826616,2237,1312552
nation,England,E92000001,2022-10-17,9295,20131503,6598,18821188,2697,1310315
nation,England,E92000001,2022-10-16,7257,20122208,5220,18814590,2037,1307618
nation,England,E92000001,2022-10-15,6005,20114951,4434,18809370,1571,1305581
nation,England,E92000001,2022-10-14,7343,20108946,5494,18804936,1849,1304010
nation,England,E92000001,2022-10-13,7562,20101603,5483,18799442,2079,1302161
nation,England,E92000001,2022-10-12,8120,20094041,5803,18793959,2317,1300082
nation,England,E92000001,2022-10-11,8779,20085921,6425,18788156,2354,1297765
nation,England,E92000001,2022-10-10,9833,20077142,7088,18781731,2745,1295411
nation,England,E92000001,2022-10-09,8014,20067309,5883,18774643,2131,1292666
nation,England,E92000001,2022-10-08,6581,20059295,4966,18768760,1615,1290535
nation,England,E92000001,2022-10-07,8334,20052714,6213,18763794,2121,1288920
nation,England,E92000001,2022-10-06,8818,20044380,6615,18757581,2203,1286799
nation,England,E92000001,2022-10-05,9544,20035562,7035,18750966,2509,1284596
nation,England,E92000001,2022-10-04,10246,20026018,7550,18743931,2696,1282087
nation,England,E92000001,2022-10-03,10881,20015772,7968,18736381,2913,1279391
nation,England,E92000001,2022-10-02,8617,20004891,6500,18728413,2117,1276478
nation,England,E92000001,2022-10-01,6564,19996274,5036,18721913,1528,1274361
nation,England,E92000001,2022-09-30,7098,19989710,5453,18716877,1645,1272833
nation,England,E92000001,2022-09-29,7352,19982612,5560,18711424,1792,1271188
nation,England,E92000001,2022-09-28,7807,19975260,5872,18705864,1935,1269396
nation,England,E92000001,2022-09-27,7644,19967453,5639,18699992,2005,1267461
nation,England,E92000001,2022-09-26,8040,19959809,5869,18694353,2171,1265456
nation,England,E92000001,2022-09-25,6738,19951769,4961,18688484,1777,1263285
nation,England,E92000001,2022-09-24,5309,19945031,4006,18683523,1303,1261508
nation,England,E92000001,2022-09-23,6006,19939722,4525,18679517,1481,1260205
nation,England,E92000001,2022-09-22,6294,19933716,4637,18674992,1657,1258724
nation,England,E92000001,2022-09-21,6940,19927422,5086,18670355,1854,1257067
nation,England,E92000001,2022-09-20,7200,19920482,5165,18665269,2035,1255213
nation,England,E92000001,2022-09-19,5702,19913282,4022,18660104,1680,1253178
nation,England,E92000001,2022-09-18,3943,19907580,2882,18656082,1061,1251498
nation,England,E92000001,2022-09-17,3188,19903637,2381,18653200,807,1250437
nation,England,E92000001,2022-09-16,3729,19900449,2762,18650819,967,1249630
nation,England,E92000001,2022-09-15,4201,19896720,3018,18648057,1183,1248663
nation,England,E92000001,2022-09-14,4451,19892519,3235,18645039,1216,1247480
nation,England,E92000001,2022-09-13,4603,19888068,3407,18641804,1196,1246264
nation,England,E92000001,2022-09-12,4749,19883465,3385,18638397,1364,1245068
nation,England,E92000001,2022-09-11,3889,19878716,2843,18635012,1046,1243704
nation,England,E92000001,2022-09-10,2861,19874827,2119,18632169,742,1242658
nation,England,E92000001,2022-09-09,3103,19871966,2326,18630050,777,1241916
nation,England,E92000001,2022-09-08,3250,19868863,2370,18627724,880,1241139
nation,England,E92000001,2022-09-07,3750,19865613,2740,18625354,1010,1240259
nation,England,E92000001,2022-09-06,3941,19861863,2869,18622614,1072,1239249
nation,England,E92000001,2022-09-05,4385,19857922,3152,18619745,1233,1238177
nation,England,E92000001,2022-09-04,3759,19853537,2770,18616593,989,1236944
nation,England,E92000001,2022-09-03,2971,19849778,2213,18613823,758,1235955
nation,England,E92000001,2022-09-02,3239,19846807,2437,18611610,802,1235197
nation,England,E92000001,2022-09-01,3760,19843568,2733,18609173,1027,1234395
nation,England,E92000001,2022-08-31,3975,19839808,2935,18606440,1040,1233368
nation,England,E92000001,2022-08-30,4474,19835833,3162,18603505,1312,1232328
nation,England,E92000001,2022-08-29,3937,19831359,2841,18600343,1096,1231016
nation,England,E92000001,2022-08-28,2882,19827422,2192,18597502,690,1229920
nation,England,E92000001,2022-08-27,2606,19824540,1978,18595310,628,1229230
nation,England,E92000001,2022-08-26,2997,19821934,2286,18593332,711,1228602
nation,England,E92000001,2022-08-25,3266,19818937,2404,18591046,862,1227891
nation,England,E92000001,2022-08-24,3913,19815671,2907,18588642,1006,1227029
nation,England,E92000001,2022-08-23,4077,19811758,3047,18585735,1030,1226023
nation,England,E92000001,2022-08-22,4575,19807681,3379,18582688,1196,1224993
nation,England,E92000001,2022-08-21,3547,19803106,2612,18579309,935,1223797
nation,England,E92000001,2022-08-20,2844,19799559,2179,18576697,665,1222862
nation,England,E92000001,2022-08-19,3317,19796715,2487,18574518,830,1222197
nation,England,E92000001,2022-08-18,3880,19793398,2892,18572031,988,1221367
nation,England,E92000001,2022-08-17,4390,19789518,3270,18569139,1120,1220379
nation,England,E92000001,2022-08-16,4832,19785128,3609,18565869,1223,1219259
nation,England,E92000001,2022-08-15,5600,19780296,4177,18562260,1423,1218036
nation,England,E92000001,2022-08-14,4781,19774696,3622,18558083,1159,1216613
nation,England,E92000001,2022-08-13,3977,19769915,3054,18554461,923,1215454
nation,England,E92000001,2022-08-12,4779,19765938,3655,18551407,1124,1214531
nation,England,E92000001,2022-08-11,5446,19761159,4082,18547752,1364,1213407
nation,England,E92000001,2022-08-10,6003,19755713,4510,18543670,1493,1212043
nation,England,E92000001,2022-08-09,6462,19749710,4926,18539160,1536,1210550
nation,England,E92000001,2022-08-08,7226,19743248,5310,18534234,1916,1209014
nation,England,E92000001,2022-08-07,5897,19736022,4491,18528924,1406,1207098
nation,England,E92000001,2022-08-06,4852,19730125,3761,18524433,1091,1205692
nation,England,E92000001,2022-08-05,5860,19725273,4491,18520672,1369,1204601
nation,England,E92000001,2022-08-04,6524,19719413,4976,18516181,1548,1203232
nation,England,E92000001,2022-08-03,7421,19712889,5728,18511205,1693,1201684
nation,England,E92000001,2022-08-02,8166,19705468,6177,18505477,1989,1199991
nation,England,E92000001,2022-08-01,8815,19697302,6650,18499300,2165,1198002
nation,England,E92000001,2022-07-31,7672,19688487,5889,18492650,1783,1195837
nation,England,E92000001,2022-07-30,6613,19680815,5146,18486761,1467,1194054
nation,England,E92000001,2022-07-29,7584,19674202,5851,18481615,1733,1192587
nation,England,E92000001,2022-07-28,8340,19666618,6351,18475764,1989,1190854
nation,England,E92000001,2022-07-27,9435,19658278,7191,18469413,2244,1188865
nation,England,E92000001,2022-07-26,10482,19648843,8053,18462222,2429,1186621
nation,England,E92000001,2022-07-25,11929,19638361,9140,18454169,2789,1184192
nation,England,E92000001,2022-07-24,10216,19626432,7841,18445029,2375,1181403
nation,England,E92000001,2022-07-23,8909,19616216,6977,18437188,1932,1179028
nation,England,E92000001,2022-07-22,11176,19607307,8656,18430211,2520,1177096
nation,England,E92000001,2022-07-21,12791,19596131,9872,18421555,2919,1174576
nation,England,E92000001,2022-07-20,14534,19583340,11291,18411683,3243,1171657
nation,England,E92000001,2022-07-19,14866,19568806,11348,18400392,3518,1168414
nation,England,E92000001,2022-07-18,16920,19553940,12798,18389044,4122,1164896
nation,England,E92000001,2022-07-17,15704,19537020,12072,18376246,3632,1160774
nation,England,E92000001,2022-07-16,13671,19521316,10675,18364174,2996,1157142
nation,England,E92000001,2022-07-15,16626,19507645,12842,18353499,3784,1154146
nation,England,E92000001,2022-07-14,19340,19491019,14752,18340657,4588,1150362
nation,England,E92000001,2022-07-13,21639,19471679,16643,18325905,4996,1145774
nation,England,E92000001,2022-07-12,24377,19450040,18606,18309262,5771,1140778
nation,England,E92000001,2022-07-11,27200,19425663,20621,18290656,6579,1135007
nation,England,E92000001,2022-07-10,23046,19398463,17808,18270035,5238,1128428
nation,England,E92000001,2022-07-09,19354,19375417,15269,18252227,4085,1123190
nation,England,E92000001,2022-07-08,22173,19356063,17504,18236958,4669,1119105
nation,England,E92000001,2022-07-07,24049,19333890,18600,18219454,5449,1114436
nation,England,E92000001,2022-07-06,26742,19309841,20650,18200854,6092,1108987
nation,England,E92000001,2022-07-05,28118,19283099,21784,18180204,6334,1102895
nation,England,E92000001,2022-07-04,30388,19254981,23338,18158420,7050,1096561
nation,England,E92000001,2022-07-03,25174,19224593,19478,18135082,5696,1089511
nation,England,E92000001,2022-07-02,19586,19199419,15546,18115604,4040,1083815
nation,England,E92000001,2022-07-01,21068,19179833,16753,18100058,4315,1079775
nation,England,E92000001,2022-06-30,21510,19158765,16834,18083305,4676,1075460
nation,England,E92000001,2022-06-29,21720,19137255,17058,18066471,4662,1070784
nation,England,E92000001,2022-06-28,21873,19115535,17365,18049413,4508,1066122
nation,England,E92000001,2022-06-27,21897,19093662,17278,18032048,4619,1061614
nation,England,E92000001,2022-06-26,18040,19071765,14412,18014770,3628,1056995
nation,England,E92000001,2022-06-25,14478,19053725,11846,18000358,2632,1053367
nation,England,E92000001,2022-06-24,15627,19039247,12680,17988512,2947,1050735
nation,England,E92000001,2022-06-23,16700,19023620,13497,17975832,3203,1047788
nation,England,E92000001,2022-06-22,17764,19006920,14461,17962335,3303,1044585
nation,England,E92000001,2022-06-21,17531,18989156,14193,17947874,3338,1041282
nation,England,E92000001,2022-06-20,16922,18971625,13614,17933681,3308,1037944
nation,England,E92000001,2022-06-19,14524,18954703,11857,17920067,2667,1034636
nation,England,E92000001,2022-06-18,11635,18940179,9652,17908210,1983,1031969
nation,England,E92000001,2022-06-17,11640,18928544,9631,17898558,2009,1029986
nation,England,E92000001,2022-06-16,11915,18916904,9655,17888927,2260,1027977
nation,England,E92000001,2022-06-15,12388,18904989,10106,17879272,2282,1025717
nation,England,E92000001,2022-06-14,12661,18892601,10410,17869166,2251,1023435
nation,England,E92000001,2022-06-13,12956,18879940,10470,17858756,2486,1021184
nation,England,E92000001,2022-06-12,10718,18866984,8838,17848286,1880,1018698
nation,England,E92000001,2022-06-11,8468,18856266,7043,17839448,1425,1016818
nation,England,E92000001,2022-06-10,9154,18847798,7639,17832405,1515,1015393
nation,England,E92000001,2022-06-09,9590,18838644,7902,17824766,1688,1013878
nation,England,E92000001,2022-06-08,9952,18829054,8184,17816864,1768,1012190
nation,England,E92000001,2022-06-07,9484,18819102,7813,17808680,1671,1010422
nation,England,E92000001,2022-06-06,9800,18809618,8049,17800867,1751,1008751
nation,England,E92000001,2022-06-05,8351,18799818,6942,17792818,1409,1007000
nation,England,E92000001,2022-06-04,6278,18791467,5358,17785876,920,1005591
nation,England,E92000001,2022-06-03,5582,18785189,4791,17780518,791,1004671
nation,England,E92000001,2022-06-02,5081,18779607,4334,17775727,747,1003880
nation,England,E92000001,2022-06-01,5713,18774526,4956,17771393,757,1003133
nation,England,E92000001,2022-05-31,5734,18768813,4904,17766437,830,1002376
nation,England,E92000001,2022-05-30,5928,18763079,5041,17761533,887,1001546
nation,England,E92000001,2022-05-29,4687,18757151,3996,17756492,691,1000659
nation,England,E92000001,2022-05-28,4153,18752464,3561,17752496,592,999968
nation,England,E92000001,2022-05-27,4495,18748311,3828,17748935,667,999376
nation,England,E92000001,2022-05-26,4819,18743816,4001,17745107,818,998709
nation,England,E92000001,2022-05-25,5191,18738997,4306,17741106,885,997891
nation,England,E92000001,2022-05-24,5593,18733806,4648,17736800,945,997006
nation,England,E92000001,2022-05-23,6248,18728213,5124,17732152,1124,996061
nation,England,E92000001,2022-05-22,5151,18721965,4345,17727028,806,994937
nation,England,E92000001,2022-05-21,4243,18716814,3589,17722683,654,994131
nation,England,E92000001,2022-05-20,5049,18712571,4240,17719094,809,993477
nation,England,E92000001,2022-05-19,5785,18707522,4733,17714854,1052,992668
nation,England,E92000001,2022-05-18,6391,18701737,5316,17710121,1075,991616
nation,England,E92000001,2022-05-17,6833,18695346,5678,17704805,1155,990541
nation,England,E92000001,2022-05-16,7886,18688513,6455,17699127,1431,989386
nation,England,E92000001,2022-05-15,6730,18680627,5637,17692672,1093,987955
nation,England,E92000001,2022-05-14,5139,18673897,4312,17687035,827,986862
nation,England,E92000001,2022-05-13,5794,18668758,4906,17682723,888,986035
nation,England,E92000001,2022-05-12,6376,18662964,5342,17677817,1034,985147
nation,England,E92000001,2022-05-11,7265,18656588,6065,17672475,1200,984113
nation,England,E92000001,2022-05-10,8155,18649323,6775,17666410,1380,982913
nation,England,E92000001,2022-05-09,8878,18641168,7334,17659635,1544,981533
nation,England,E92000001,2022-05-08,7664,18632290,6417,17652301,1247,979989
nation,England,E92000001,2022-05-07,6356,18624626,5448,17645884,908,978742
nation,England,E92000001,2022-05-06,7518,18618270,6374,17640436,1144,977834
nation,England,E92000001,2022-05-05,8594,18610752,7217,17634062,1377,976690
nation,England,E92000001,2022-05-04,9783,18602158,8242,17626845,1541,975313
nation,England,E92000001,2022-05-03,11156,18592375,9308,17618603,1848,973772
nation,England,E92000001,2022-05-02,10343,18581219,8744,17609295,1599,971924
nation,England,E92000001,2022-05-01,7718,18570876,6638,17600551,1080,970325
nation,England,E92000001,2022-04-30,6863,18563158,5944,17593913,919,969245
nation,England,E92000001,2022-04-29,7992,18556295,6860,17587969,1132,968326
nation,England,E92000001,2022-04-28,9057,18548303,7721,17581109,1336,967194
nation,England,E92000001,2022-04-27,10120,18539246,8630,17573388,1490,965858
nation,England,E92000001,2022-04-26,11294,18529126,9635,17564758,1659,964368
nation,England,E92000001,2022-04-25,13401,18517832,11283,17555123,2118,962709
nation,England,E92000001,2022-04-24,11867,18504431,10248,17543840,1619,960591
nation,England,E92000001,2022-04-23,10572,18492564,9263,17533592,1309,958972
nation,England,E92000001,2022-04-22,12528,18481992,10856,17524329,1672,957663
nation,England,E92000001,2022-04-21,14520,18469464,12571,17513473,1949,955991
nation,England,E92000001,2022-04-20,16973,18454944,14772,17500902,2201,954042
nation,England,E92000001,2022-04-19,20595,18437971,17778,17486130,2817,951841
nation,England,E92000001,2022-04-18,20567,18417376,17874,17468352,2693,949024
nation,England,E92000001,2022-04-17,16262,18396809,14390,17450478,1872,946331
nation,England,E92000001,2022-04-16,16091,18380547,14362,17436088,1729,944459
nation,England,E92000001,2022-04-15,17305,18364456,15381,17421726,1924,942730
nation,England,E92000001,2022-04-14,21435,18347151,18975,17406345,2460,940806
nation,England,E92000001,2022-04-13,25507,18325716,22618,17387370,2889,938346
nation,England,E92000001,2022-04-12,27383,18300209,24179,17364752,3204,935457
nation,England,E92000001,2022-04-11,30598,18272826,26942,17340573,3656,932253
nation,England,E92000001,2022-04-10,25641,18242228,22870,17313631,2771,928597
nation,England,E92000001,2022-04-09,23015,18216587,20509,17290761,2506,925826
nation,England,E92000001,2022-04-08,27393,18193572,24310,17270252,3083,923320
nation,England,E92000001,2022-04-07,31746,18166179,27980,17245942,3766,920237
nation,England,E92000001,2022-04-06,36891,18134433,32602,17217962,4289,916471
nation,England,E92000001,2022-04-05,40393,18097542,35749,17185360,4644,912182
nation,England,E92000001,2022-04-04,45142,18057149,39810,17149611,5332,907538
nation,England,E92000001,2022-04-03,35605,18012007,31744,17109801,3861,902206
nation,England,E92000001,2022-04-02,31610,17976402,28262,17078057,3348,898345
nation,England,E92000001,2022-04-01,40343,17944792,35906,17049795,4437,894997
nation,England,E92000001,2022-03-31,45881,17904449,40709,17013889,5172,890560
nation,England,E92000001,2022-03-30,62750,17858568,55347,16973180,7403,885388
nation,England,E92000001,2022-03-29,67440,17795818,59378,16917833,8062,877985
nation,England,E92000001,2022-03-28,78912,17728378,69237,16858455,9675,869923
nation,England,E92000001,2022-03-27,58001,17649466,51350,16789218,6651,860248
nation,England,E92000001,2022-03-26,51778,17591465,46260,16737868,5518,853597
nation,England,E92000001,2022-03-25,60259,17539687,53552,16691608,6707,848079
nation,England,E92000001,2022-03-24,68604,17479428,60941,16638056,7663,841372
nation,England,E92000001,2022-03-23,77598,17410824,68845,16577115,8753,833709
nation,England,E92000001,2022-03-22,81847,17333226,72559,16508270,9288,824956
nation,England,E92000001,2022-03-21,89909,17251379,79361,16435711,10548,815668
nation,England,E92000001,2022-03-20,66905,17161470,59478,16356350,7427,805120
nation,England,E92000001,2022-03-19,55212,17094565,49583,16296872,5629,797693
nation,England,E92000001,2022-03-18,61907,17039353,55421,16247289,6486,792064
nation,England,E92000001,2022-03-17,67687,16977446,60472,16191868,7215,785578
nation,England,E92000001,2022-03-16,73954,16909759,66033,16131396,7921,778363
nation,England,E92000001,2022-03-15,74103,16835805,66270,16065363,7833,770442
nation,England,E92000001,2022-03-14,79518,16761702,70931,15999093,8587,762609
nation,England,E92000001,2022-03-13,60271,16682184,53987,15928162,6284,754022
nation,England,E92000001,2022-03-12,49163,16621913,44267,15874175,4896,747738
nation,England,E92000001,2022-03-11,52272,16572750,47066,15829908,5206,742842
nation,England,E92000001,2022-03-10,54301,16520478,48777,15782842,5524,737636
nation,England,E92000001,2022-03-09,55492,16466177,49875,15734065,5617,732112
nation,England,E92000001,2022-03-08,52343,16410685,47058,15684190,5285,726495
nation,England,E92000001,2022-03-07,50983,16358342,45549,15637132,5434,721210
nation,England,E92000001,2022-03-06,35914,16307359,32402,15591583,3512,715776
nation,England,E92000001,2022-03-05,28508,16271445,25911,15559181,2597,712264
nation,England,E92000001,2022-03-04,30605,16242937,27716,15533270,2889,709667
nation,England,E92000001,2022-03-03,31533,16212332,28490,15505554,3043,706778
nation,England,E92000001,2022-03-02,33361,16180799,30086,15477064,3275,703735
nation,England,E92000001,2022-03-01,31863,16147438,28987,15446978,2876,700460
nation,England,E92000001,2022-02-28,31865,16115575,28815,15417991,3050,697584
nation,England,E92000001,2022-02-27,22165,16083710,20134,15389176,2031,694534
nation,England,E92000001,2022-02-26,17604,16061545,16127,15369042,1477,692503
nation,England,E92000001,2022-02-25,19532,16043941,17766,15352915,1766,691026
nation,England,E92000001,2022-02-24,21883,16024409,19801,15335149,2082,689260
nation,England,E92000001,2022-02-23,26008,16002526,23618,15315348,2390,687178
nation,England,E92000001,2022-02-22,28017,15976518,25328,15291730,2689,684788
nation,England,E92000001,2022-02-21,33034,15948501,29914,15266402,3120,682099
nation,England,E92000001,2022-02-20,28410,15915467,25903,15236488,2507,678979
nation,England,E92000001,2022-02-19,26429,15887057,24156,15210585,2273,676472
nation,England,E92000001,2022-02-18,24924,15860628,22667,15186429,2257,674199
nation,England,E92000001,2022-02-17,34168,15835704,30958,15163762,3210,671942
nation,England,E92000001,2022-02-16,39444,15801536,35727,15132804,3717,668732
nation,England,E92000001,2022-02-15,40145,15762092,36339,15097077,3806,665015
nation,England,E92000001,2022-02-14,42492,15721947,38432,15060738,4060,661209
nation,England,E92000001,2022-02-13,32326,15679455,29342,15022306,2984,657149
nation,England,E92000001,2022-02-12,29142,15647129,26641,14992964,2501,654165
nation,England,E92000001,2022-02-11,34943,15617987,31725,14966323,3218,651664
nation,England,E92000001,2022-02-10,41331,15583044,37253,14934598,4078,648446
nation,England,E92000001,2022-02-09,51014,15541713,45962,14897345,5052,644368
nation,England,E92000001,2022-02-08,55437,15490699,49986,14851383,5451,639316
nation,England,E92000001,2022-02-07,62672,15435262,56299,14801397,6373,633865
nation,England,E92000001,2022-02-06,50146,15372590,45156,14745098,4990,627492
nation,England,E92000001,2022-02-05,43233,15322444,39305,14699942,3928,622502
nation,England,E92000001,2022-02-04,52556,15279211,47717,14660637,4839,618574
nation,England,E92000001,2022-02-03,64032,15226655,57739,14612920,6293,613735
nation,England,E92000001,2022-02-02,73908,15162623,66619,14555181,7289,607442
nation,England,E92000001,2022-02-01,78512,15088715,70498,14488562,8014,600153
nation,England,E92000001,2022-01-31,88503,15010203,79484,14418064,9019,592139
nation,England,E92000001,2022-01-30,74980,14921700,67587,14338580,7393,583120
nation,England,E92000001,2022-01-29,63024,14846720,57278,14270993,5746,575727
nation,England,E92000001,2022-01-28,71682,14783696,64864,14213715,6818,569981
nation,England,E92000001,2022-01-27,82727,14712014,74670,14148851,8057,563163
nation,England,E92000001,2022-01-26,93211,14629287,83994,14074181,9217,555106
nation,England,E92000001,2022-01-25,96954,14536076,87344,13990187,9610,545889
nation,England,E92000001,2022-01-24,109233,14439122,98278,13902843,10955,536279
nation,England,E92000001,2022-01-23,88557,14329889,80098,13804565,8459,525324
nation,England,E92000001,2022-01-22,70483,14241332,64190,13724467,6293,516865
nation,England,E92000001,2022-01-21,79173,14170849,71811,13660277,7362,510572
nation,England,E92000001,2022-01-20,86953,14091676,78896,13588466,8057,503210
nation,England,E92000001,2022-01-19,97334,14004723,88152,13509570,9182,495153
nation,England,E92000001,2022-01-18,103308,13907389,93489,13421418,9819,485971
nation,England,E92000001,2022-01-17,114776,13804081,103816,13327929,10960,476152
nation,England,E92000001,2022-01-16,85599,13689305,77694,13224113,7905,465192
nation,England,E92000001,2022-01-15,67820,13603706,62053,13146419,5767,457287
nation,England,E92000001,2022-01-14,75174,13535886,68447,13084366,6727,451520
nation,England,E92000001,2022-01-13,84133,13460712,76294,13015919,7839,444793
nation,England,E92000001,2022-01-12,90002,13376579,81440,12939625,8562,436954
nation,England,E92000001,2022-01-11,100980,13286577,91496,12858185,9484,428392
nation,England,E92000001,2022-01-10,116341,13185597,105280,12766689,11061,418908
nation,England,E92000001,2022-01-09,83079,13069256,75304,12661409,7775,407847
nation,England,E92000001,2022-01-08,81219,12986177,73717,12586105,7502,400072
nation,England,E92000001,2022-01-07,105080,12904958,94765,12512388,10315,392570
nation,England,E92000001,2022-01-06,150787,12799878,134877,12417623,15910,382255
nation,England,E92000001,2022-01-05,183803,12649091,164549,12282746,19254,366345
nation,England,E92000001,2022-01-04,234872,12465288,210588,12118197,24284,347091
nation,England,E92000001,2022-01-03,193616,12230416,173525,11907609,20091,322807
nation,England,E92000001,2022-01-02,148609,12036800,133959,11734084,14650,302716
nation,England,E92000001,2022-01-01,99304,11888191,90306,11600125,8998,288066
nation,England,E92000001,2021-12-31,152886,11788887,138926,11509819,13960,279068
nation,England,E92000001,2021-12-30,192824,11636001,175036,11370893,17788,265108
nation,England,E92000001,2021-12-29,224030,11443177,204430,11195857,19600,247320
nation,England,E92000001,2021-12-28,170584,11219147,155665,10991427,14919,227720
nation,England,E92000001,2021-12-27,155566,11048563,142562,10835762,13004,212801
nation,England,E92000001,2021-12-26,98916,10892997,91201,10693200,7715,199797
nation,England,E92000001,2021-12-25,59912,10794081,55562,10601999,4350,192082
nation,England,E92000001,2021-12-24,117562,10734169,108028,10546437,9534,187732
nation,England,E92000001,2021-12-23,137021,10616607,125445,10438409,11576,178198
nation,England,E92000001,2021-12-22,138142,10479586,126489,10312964,11653,166622
nation,England,E92000001,2021-12-21,129599,10341444,119021,10186475,10578,154969
nation,England,E92000001,2021-12-20,117576,10211845,108417,10067454,9159,144391
nation,England,E92000001,2021-12-19,78497,10094269,72713,9959037,5784,135232
nation,England,E92000001,2021-12-18,78930,10015772,73210,9886324,5720,129448
nation,England,E92000001,2021-12-17,84967,9936842,78647,9813114,6320,123728
nation,England,E92000001,2021-12-16,93803,9851875,86929,9734467,6874,117408
nation,England,E92000001,2021-12-15,99653,9758072,92593,9647538,7060,110534
nation,England,E92000001,2021-12-14,90717,9658419,84773,9554945,5944,103474
nation,England,E92000001,2021-12-13,76507,9567702,72509,9470172,3998,97530
nation,England,E92000001,2021-12-12,46367,9491195,44506,9397663,1861,93532
nation,England,E92000001,2021-12-11,41940,9444828,40517,9353157,1423,91671
nation,England,E92000001,2021-12-10,45017,9402888,43538,9312640,1479,90248
nation,England,E92000001,2021-12-09,48816,9357871,47247,9269102,1569,88769
nation,England,E92000001,2021-12-08,50059,9309055,48591,9221855,1468,87200
nation,England,E92000001,2021-12-07,48146,9258996,46904,9173264,1242,85732
nation,England,E92000001,2021-12-06,51122,9210850,49978,9126360,1144,84490
nation,England,E92000001,2021-12-05,35037,9159728,34455,9076382,582,83346
nation,England,E92000001,2021-12-04,33379,9124691,32836,9041927,543,82764
nation,England,E92000001,2021-12-03,39222,9091312,38624,9009091,598,82221
nation,England,E92000001,2021-12-02,43045,9052090,42393,8970467,652,81623
nation,England,E92000001,2021-12-01,47263,9009045,46562,8928074,701,80971
nation,England,E92000001,2021-11-30,47631,8961782,46945,8881512,686,80270
nation,England,E92000001,2021-11-29,47940,8914151,47192,8834567,748,79584
nation,England,E92000001,2021-11-28,33857,8866211,33400,8787375,457,78836
nation,England,E92000001,2021-11-27,28459,8832354,28080,8753975,379,78379
nation,England,E92000001,2021-11-26,33666,8803895,33212,8725895,454,78000
nation,England,E92000001,2021-11-25,37142,8770229,36587,8692683,555,77546
nation,England,E92000001,2021-11-24,39880,8733087,39314,8656096,566,76991
nation,England,E92000001,2021-11-23,41015,8693207,40483,8616782,532,76425
nation,England,E92000001,2021-11-22,42868,8652192,42309,8576299,559,75893
nation,England,E92000001,2021-11-21,31763,8609324,31360,8533990,403,75334
nation,England,E92000001,2021-11-20,29868,8577561,29498,8502630,370,74931
nation,England,E92000001,2021-11-19,33186,8547693,32774,8473132,412,74561
nation,England,E92000001,2021-11-18,37097,8514507,36605,8440358,492,74149
nation,England,E92000001,2021-11-17,38256,8477410,37770,8403753,486,73657
nation,England,E92000001,2021-11-16,38656,8439154,38112,8365983,544,73171
nation,England,E92000001,2021-11-15,42477,8400498,41891,8327871,586,72627
nation,England,E92000001,2021-11-14,29599,8358021,29241,8285980,358,72041
nation,England,E92000001,2021-11-13,27357,8328422,27041,8256739,316,71683
nation,England,E92000001,2021-11-12,31337,8301065,30918,8229698,419,71367
nation,England,E92000001,2021-11-11,33700,8269728,33234,8198780,466,70948
nation,England,E92000001,2021-11-10,35390,8236028,34911,8165546,479,70482
nation,England,E92000001,2021-11-09,34679,8200638,34204,8130635,475,70003
nation,England,E92000001,2021-11-08,36138,8165959,35607,8096431,531,69528
nation,England,E92000001,2021-11-07,25447,8129821,25107,8060824,340,68997
nation,England,E92000001,2021-11-06,22581,8104374,22280,8035717,301,68657
nation,England,E92000001,2021-11-05,24405,8081793,24039,8013437,366,68356
nation,England,E92000001,2021-11-04,27378,8057388,27032,7989398,346,67990
nation,England,E92000001,2021-11-03,29396,8030010,29014,7962366,382,67644
nation,England,E92000001,2021-11-02,31328,8000614,30911,7933352,417,67262
nation,England,E92000001,2021-11-01,37663,7969286,37115,7902441,548,66845
nation,England,E92000001,2021-10-31,29564,7931623,29166,7865326,398,66297
nation,England,E92000001,2021-10-30,28243,7902059,27952,7836160,291,65899
nation,England,E92000001,2021-10-29,33995,7873816,33562,7808208,433,65608
nation,England,E92000001,2021-10-28,35077,7839821,34647,7774646,430,65175
nation,England,E92000001,2021-10-27,36524,7804744,36100,7739999,424,64745
nation,England,E92000001,2021-10-26,35276,7768220,34861,7703899,415,64321
nation,England,E92000001,2021-10-25,39957,7732944,39459,7669038,498,63906
nation,England,E92000001,2021-10-24,30092,7692987,29748,7629579,344,63408
nation,England,E92000001,2021-10-23,29747,7662895,29419,7599831,328,63064
nation,England,E92000001,2021-10-22,34507,7633148,34088,7570412,419,62736
nation,England,E92000001,2021-10-21,38580,7598641,38112,7536324,468,62317
nation,England,E92000001,2021-10-20,43963,7560061,43482,7498212,481,61849
nation,England,E92000001,2021-10-19,44630,7516098,44105,7454730,525,61368
nation,England,E92000001,2021-10-18,49257,7471468,48654,7410625,603,60843
nation,England,E92000001,2021-10-17,37502,7422211,37121,7361971,381,60240
nation,England,E92000001,2021-10-16,31639,7384709,31301,7324850,338,59859
nation,England,E92000001,2021-10-15,36631,7353070,36254,7293549,377,59521
nation,England,E92000001,2021-10-14,39263,7316439,38782,7257295,481,59144
nation,England,E92000001,2021-10-13,40546,7277176,40095,7218513,451,58663
nation,England,E92000001,2021-10-12,40892,7236630,40395,7178418,497,58212
nation,England,E92000001,2021-10-11,43115,7195738,42656,7138023,459,57715
nation,England,E92000001,2021-10-10,31499,7152623,31160,7095367,339,57256
nation,England,E92000001,2021-10-09,27180,7121124,26865,7064207,315,56917
nation,England,E92000001,2021-10-08,29847,7093944,29494,7037342,353,56602
nation,England,E92000001,2021-10-07,32158,7064097,31790,7007848,368,56249
nation,England,E92000001,2021-10-06,32547,7031939,32176,6976058,371,55881
nation,England,E92000001,2021-10-05,32268,6999392,31874,6943882,394,55510
nation,England,E92000001,2021-10-04,36476,6967124,36086,6912008,390,55116
nation,England,E92000001,2021-10-03,27137,6930648,26847,6875922,290,54726
nation,England,E92000001,2021-10-02,21873,6903511,21655,6849075,218,54436
nation,England,E92000001,2021-10-01,24134,6881638,23857,6827420,277,54218
nation,England,E92000001,2021-09-30,26809,6857504,26504,6803563,305,53941
nation,England,E92000001,2021-09-29,28688,6830695,28378,6777059,310,53636
nation,England,E92000001,2021-09-28,29627,6802007,29265,6748681,362,53326
nation,England,E92000001,2021-09-27,34595,6772380,34165,6719416,430,52964
nation,England,E92000001,2021-09-26,26814,6737785,26477,6685251,337,52534
nation,England,E92000001,2021-09-25,23389,6710971,23118,6658774,271,52197
nation,England,E92000001,2021-09-24,25754,6687582,25426,6635656,328,51926
nation,England,E92000001,2021-09-23,28340,6661828,27940,6610230,400,51598
nation,England,E92000001,2021-09-22,28789,6633488,28435,6582290,354,51198
nation,England,E92000001,2021-09-21,30547,6604699,30181,6553855,366,50844
nation,England,E92000001,2021-09-20,32121,6574152,31714,6523674,407,50478
nation,England,E92000001,2021-09-19,24789,6542031,24479,6491960,310,50071
nation,England,E92000001,2021-09-18,20926,6517242,20672,6467481,254,49761
nation,England,E92000001,2021-09-17,22375,6496316,22113,6446809,262,49507
nation,England,E92000001,2021-09-16,22319,6473941,22040,6424696,279,49245
nation,England,E92000001,2021-09-15,22414,6451622,22148,6402656,266,48966
nation,England,E92000001,2021-09-14,22640,6429208,22343,6380508,297,48700
nation,England,E92000001,2021-09-13,25199,6406568,24869,6358165,330,48403
nation,England,E92000001,2021-09-12,17879,6381369,17643,6333296,236,48073
nation,England,E92000001,2021-09-11,16956,6363490,16740,6315653,216,47837
nation,England,E92000001,2021-09-10,21031,6346534,20736,6298913,295,47621
nation,England,E92000001,2021-09-09,24440,6325503,24122,6278177,318,47326
nation,England,E92000001,2021-09-08,25660,6301063,25271,6254055,389,47008
nation,England,E92000001,2021-09-07,27938,6275403,27585,6228784,353,46619
nation,England,E92000001,2021-09-06,33135,6247465,32685,6201199,450,46266
nation,England,E92000001,2021-09-05,23457,6214330,23160,6168514,297,45816
nation,England,E92000001,2021-09-04,23409,6190873,23140,6145354,269,45519
nation,England,E92000001,2021-09-03,28728,6167464,28366,6122214,362,45250
nation,England,E92000001,2021-09-02,30636,6138736,30229,6093848,407,44888
nation,England,E92000001,2021-09-01,31601,6108100,31217,6063619,384,44481
nation,England,E92000001,2021-08-31,33565,6076499,33122,6032402,443,44097
nation,England,E92000001,2021-08-30,24972,6042934,24647,5999280,325,43654
nation,England,E92000001,2021-08-29,19152,6017962,18909,5974633,243,43329
nation,England,E92000001,2021-08-28,20138,5998810,19903,5955724,235,43086
nation,England,E92000001,2021-08-27,24252,5978672,23953,5935821,299,42851
nation,England,E92000001,2021-08-26,26482,5954420,26116,5911868,366,42552
nation,England,E92000001,2021-08-25,27901,5927938,27545,5885752,356,42186
nation,England,E92000001,2021-08-24,28212,5900037,27836,5858207,376,41830
nation,England,E92000001,2021-08-23,30333,5871825,29948,5830371,385,41454
nation,England,E92000001,2021-08-22,22409,5841492,22157,5800423,252,41069
nation,England,E92000001,2021-08-21,22603,5819083,22341,5778266,262,40817
nation,England,E92000001,2021-08-20,25555,5796480,25234,5755925,321,40555
nation,England,E92000001,2021-08-19,29080,5770925,28676,5730691,404,40234
nation,England,E92000001,2021-08-18,31426,5741845,30979,5702015,447,39830
nation,England,E92000001,2021-08-17,31095,5710419,30626,5671036,469,39383
nation,England,E92000001,2021-08-16,30860,5679324,30423,5640410,437,38914
nation,England,E92000001,2021-08-15,21280,5648464,21019,5609987,261,38477
nation,England,E92000001,2021-08-14,21336,5627184,21103,5588968,233,38216
nation,England,E92000001,2021-08-13,24991,5605848,24670,5567865,321,37983
nation,England,E92000001,2021-08-12,27690,5580857,27304,5543195,386,37662
nation,England,E92000001,2021-08-11,29134,5553167,28778,5515891,356,37276
nation,England,E92000001,2021-08-10,27610,5524033,27216,5487113,394,36920
nation,England,E92000001,2021-08-09,28292,5496423,27877,5459897,415,36526
nation,England,E92000001,2021-08-08,20157,5468131,19901,5432020,256,36111
nation,England,E92000001,2021-08-07,19957,5447974,19678,5412119,279,35855
nation,England,E92000001,2021-08-06,24851,5428017,24500,5392441,351,35576
nation,England,E92000001,2021-08-05,28125,5403166,27757,5367941,368,35225
nation,England,E92000001,2021-08-04,28895,5375041,28499,5340184,396,34857
nation,England,E92000001,2021-08-03,27061,5346146,26696,5311685,365,34461
nation,England,E92000001,2021-08-02,26580,5319085,26198,5284989,382,34096
nation,England,E92000001,2021-08-01,18714,5292505,18472,5258791,242,33714
nation,England,E92000001,2021-07-31,18449,5273791,18172,5240319,277,33472
nation,England,E92000001,2021-07-30,22110,5255342,21789,5222147,321,33195
nation,England,E92000001,2021-07-29,25361,5233232,25012,5200358,349,32874
nation,England,E92000001,2021-07-28,26925,5207871,26568,5175346,357,32525
nation,England,E92000001,2021-07-27,26027,5180946,25651,5148778,376,32168
nation,England,E92000001,2021-07-26,26540,5154919,26173,5123127,367,31792
nation,England,E92000001,2021-07-25,19657,5128379,19405,5096954,252,31425
nation,England,E92000001,2021-07-24,20276,5108722,20013,5077549,263,31173
nation,England,E92000001,2021-07-23,24586,5088446,24280,5057536,306,30910
nation,England,E92000001,2021-07-22,27711,5063860,27382,5033256,329,30604
nation,England,E92000001,2021-07-21,31676,5036149,31292,5005874,384,30275
nation,England,E92000001,2021-07-20,35948,5004473,35418,4974582,530,29891
nation,England,E92000001,2021-07-19,43401,4968525,42819,4939164,582,29361
nation,England,E92000001,2021-07-18,33163,4925124,32765,4896345,398,28779
nation,England,E92000001,2021-07-17,35280,4891961,34904,4863580,376,28381
nation,England,E92000001,2021-07-16,51138,4856681,50519,4828676,619,28005
nation,England,E92000001,2021-07-15,57583,4805543,56823,4778157,760,27386
nation,England,E92000001,2021-07-14,50320,4747960,49653,4721334,667,26626
nation,England,E92000001,2021-07-13,43246,4697640,42656,4671681,590,25959
nation,England,E92000001,2021-07-12,40478,4654394,39958,4629025,520,25369
nation,England,E92000001,2021-07-11,27418,4613916,27133,4589067,285,24849
nation,England,E92000001,2021-07-10,25411,4586498,25117,4561934,294,24564
nation,England,E92000001,2021-07-09,29049,4561087,28692,4536817,357,24270
nation,England,E92000001,2021-07-08,29927,4532038,29536,4508125,391,23913
nation,England,E92000001,2021-07-07,34274,4502111,33813,4478589,461,23522
nation,England,E92000001,2021-07-06,31627,4467837,31200,4444776,427,23061
nation,England,E92000001,2021-07-05,30215,4436210,29762,4413576,453,22634
nation,England,E92000001,2021-07-04,21806,4405995,21525,4383814,281,22181
nation,England,E92000001,2021-07-03,20638,4384189,20365,4362289,273,21900
nation,England,E92000001,2021-07-02,22288,4363551,21956,4341924,332,21627
nation,England,E92000001,2021-07-01,24267,4341263,23840,4319968,427,21295
nation,England,E92000001,2021-06-30,23941,4316996,23593,4296128,348,20868
nation,England,E92000001,2021-06-29,23250,4293055,22881,4272535,369,20520
nation,England,E92000001,2021-06-28,23511,4269805,23077,4249654,434,20151
nation,England,E92000001,2021-06-27,15407,4246294,15150,4226577,257,19717
nation,England,E92000001,2021-06-26,13486,4230887,13273,4211427,213,19460
nation,England,E92000001,2021-06-25,14901,4217401,14626,4198154,275,19247
nation,England,E92000001,2021-06-24,15082,4202500,14813,4183528,269,18972
nation,England,E92000001,2021-06-23,14806,4187418,14524,4168715,282,18703
nation,England,E92000001,2021-06-22,13564,4172612,13316,4154191,248,18421
nation,England,E92000001,2021-06-21,12708,4159048,12487,4140875,221,18173
nation,England,E92000001,2021-06-20,8204,4146340,8066,4128388,138,17952
nation,England,E92000001,2021-06-19,7127,4138136,6990,4120322,137,17814
nation,England,E92000001,2021-06-18,8772,4131009,8565,4113332,207,17677
nation,England,E92000001,2021-06-17,9523,4122237,9293,4104767,230,17470
nation,England,E92000001,2021-06-16,9411,4112714,9240,4095474,171,17240
nation,England,E92000001,2021-06-15,9154,4103303,8936,4086234,218,17069
nation,England,E92000001,2021-06-14,8941,4094149,8766,4077298,175,16851
nation,England,E92000001,2021-06-13,6075,4085208,5957,4068532,118,16676
nation,England,E92000001,2021-06-12,5422,4079133,5310,4062575,112,16558
nation,England,E92000001,2021-06-11,6510,4073711,6375,4057265,135,16446
nation,England,E92000001,2021-06-10,6717,4067201,6582,4050890,135,16311
nation,England,E92000001,2021-06-09,6919,4060484,6794,4044308,125,16176
nation,England,E92000001,2021-06-08,6630,4053565,6476,4037514,154,16051
nation,England,E92000001,2021-06-07,6790,4046935,6648,4031038,142,15897
nation,England,E92000001,2021-06-06,4730,4040145,4641,4024390,89,15755
nation,England,E92000001,2021-06-05,3964,4035415,3909,4019749,55,15666
nation,England,E92000001,2021-06-04,4885,4031451,4797,4015840,88,15611
nation,England,E92000001,2021-06-03,5131,4026566,5019,4011043,112,15523
nation,England,E92000001,2021-06-02,5039,4021435,4952,4006024,87,15411
nation,England,E92000001,2021-06-01,4515,4016396,4391,4001072,124,15324
nation,England,E92000001,2021-05-31,3170,4011881,3089,3996681,81,15200
nation,England,E92000001,2021-05-30,2598,4008711,2551,3993592,47,15119
nation,England,E92000001,2021-05-29,2462,4006113,2420,3991041,42,15072
nation,England,E92000001,2021-05-28,2929,4003651,2853,3988621,76,15030
nation,England,E92000001,2021-05-27,3075,4000722,2990,3985768,85,14954
nation,England,E92000001,2021-05-26,3179,3997647,3099,3982778,80,14869
nation,England,E92000001,2021-05-25,2797,3994468,2712,3979679,85,14789
nation,England,E92000001,2021-05-24,2750,3991671,2659,3976967,91,14704
nation,England,E92000001,2021-05-23,1918,3988921,1863,3974308,55,14613
nation,England,E92000001,2021-05-22,1606,3987003,1554,3972445,52,14558
nation,England,E92000001,2021-05-21,1871,3985397,1821,3970891,50,14506
nation,England,E92000001,2021-05-20,2000,3983526,1934,3969070,66,14456
nation,England,E92000001,2021-05-19,2261,3981526,2194,3967136,67,14390
nation,England,E92000001,2021-05-18,2241,3979265,2165,3964942,76,14323
nation,England,E92000001,2021-05-17,2341,3977024,2264,3962777,77,14247
nation,England,E92000001,2021-05-16,1587,3974683,1542,3960513,45,14170
nation,England,E92000001,2021-05-15,1306,3973096,1271,3958971,35,14125
nation,England,E92000001,2021-05-14,1540,3971790,1482,3957700,58,14090
nation,England,E92000001,2021-05-13,1737,3970250,1679,3956218,58,14032
nation,England,E92000001,2021-05-12,1869,3968513,1798,3954539,71,13974
nation,England,E92000001,2021-05-11,1871,3966644,1805,3952741,66,13903
nation,England,E92000001,2021-05-10,2325,3964773,2260,3950936,65,13837
nation,England,E92000001,2021-05-09,1985,3962448,1915,3948676,70,13772
nation,England,E92000001,2021-05-08,1301,3960463,1260,3946761,41,13702
nation,England,E92000001,2021-05-07,1657,3959162,1599,3945501,58,13661
nation,England,E92000001,2021-05-06,1967,3957505,1884,3943902,83,13603
nation,England,E92000001,2021-05-05,2203,3955538,2109,3942018,94,13520
nation,England,E92000001,2021-05-04,2200,3953335,2121,3939909,79,13426
nation,England,E92000001,2021-05-03,1806,3951135,1752,3937788,54,13347
nation,England,E92000001,2021-05-02,1305,3949329,1257,3936036,48,13293
nation,England,E92000001,2021-05-01,1210,3948024,1167,3934779,43,13245
nation,England,E92000001,2021-04-30,1528,3946814,1456,3933612,72,13202
nation,England,E92000001,2021-04-29,1901,3945286,1819,3932156,82,13130
nation,England,E92000001,2021-04-28,2153,3943385,2080,3930337,73,13048
nation,England,E92000001,2021-04-27,1809,3941232,1750,3928257,59,12975
nation,England,E92000001,2021-04-26,2268,3939423,2164,3926507,104,12916
nation,England,E92000001,2021-04-25,1897,3937155,1831,3924343,66,12812
nation,England,E92000001,2021-04-24,1300,3935258,1256,3922512,44,12746
nation,England,E92000001,2021-04-23,1701,3933958,1626,3921256,75,12702
nation,England,E92000001,2021-04-22,2032,3932257,1944,3919630,88,12627
nation,England,E92000001,2021-04-21,2298,3930225,2215,3917686,83,12539
nation,England,E92000001,2021-04-20,2112,3927927,2005,3915471,107,12456
nation,England,E92000001,2021-04-19,2268,3925815,2182,3913466,86,12349
nation,England,E92000001,2021-04-18,2281,3923547,2214,3911284,67,12263
nation,England,E92000001,2021-04-17,1398,3921266,1361,3909070,37,12196
nation,England,E92000001,2021-04-16,1963,3919868,1902,3907709,61,12159
nation,England,E92000001,2021-04-15,1959,3917905,1885,3905807,74,12098
nation,England,E92000001,2021-04-14,2068,3915946,2009,3903922,59,12024
nation,England,E92000001,2021-04-13,2060,3913878,1981,3901913,79,11965
nation,England,E92000001,2021-04-12,2399,3911818,2317,3899932,82,11886
nation,England,E92000001,2021-04-11,2020,3909419,1983,3897615,37,11804
nation,England,E92000001,2021-04-10,2009,3907399,1972,3895632,37,11767
nation,England,E92000001,2021-04-09,2482,3905390,2420,3893660,62,11730
nation,England,E92000001,2021-04-08,2651,3902908,2573,3891240,78,11668
nation,England,E92000001,2021-04-07,2752,3900257,2688,3888667,64,11590
nation,England,E92000001,2021-04-06,2756,3897505,2681,3885979,75,11526
nation,England,E92000001,2021-04-05,2314,3894749,2269,3883298,45,11451
nation,England,E92000001,2021-04-04,2043,3892435,2006,3881029,37,11406
nation,England,E92000001,2021-04-03,2120,3890392,2094,3879023,26,11369
nation,England,E92000001,2021-04-02,2248,3888272,2212,3876929,36,11343
nation,England,E92000001,2021-04-01,3067,3886024,3015,3874717,52,11307
nation,England,E92000001,2021-03-31,3340,3882957,3284,3871702,56,11255
nation,England,E92000001,2021-03-30,3135,3879617,3079,3868418,56,11199
nation,England,E92000001,2021-03-29,3422,3876482,3363,3865339,59,11143
nation,England,E92000001,2021-03-28,4476,3873060,4415,3861976,61,11084
nation,England,E92000001,2021-03-27,3136,3868584,3097,3857561,39,11023
nation,England,E92000001,2021-03-26,3803,3865448,3756,3854464,47,10984
nation,England,E92000001,2021-03-25,4674,3861645,4609,3850708,65,10937
nation,England,E92000001,2021-03-24,5321,3856971,5252,3846099,69,10872
nation,England,E92000001,2021-03-23,4566,3851650,4505,3840847,61,10803
nation,England,E92000001,2021-03-22,5399,3847084,5340,3836342,59,10742
nation,England,E92000001,2021-03-21,4679,3841685,4630,3831002,49,10683
nation,England,E92000001,2021-03-20,3514,3837006,3485,3826372,29,10634
nation,England,E92000001,2021-03-19,4333,3833492,4278,3822887,55,10605
nation,England,E92000001,2021-03-18,4689,3829159,4658,3818609,31,10550
nation,England,E92000001,2021-03-17,5048,3824470,5001,3813951,47,10519
nation,England,E92000001,2021-03-16,4933,3819422,4889,3808950,44,10472
nation,England,E92000001,2021-03-15,5643,3814489,5589,3804061,54,10428
nation,England,E92000001,2021-03-14,3707,3808846,3676,3798472,31,10374
nation,England,E92000001,2021-03-13,3592,3805139,3564,3794796,28,10343
nation,England,E92000001,2021-03-12,4767,3801547,4730,3791232,37,10315
nation,England,E92000001,2021-03-11,4848,3796780,4809,3786502,39,10278
nation,England,E92000001,2021-03-10,5223,3791932,5165,3781693,58,10239
nation,England,E92000001,2021-03-09,5488,3786709,5409,3776528,79,10181
nation,England,E92000001,2021-03-08,5817,3781221,5733,3771119,84,10102
nation,England,E92000001,2021-03-07,3677,3775404,3648,3765386,29,10018
nation,England,E92000001,2021-03-06,3832,3771727,3809,3761738,23,9989
nation,England,E92000001,2021-03-05,4728,3767895,4678,3757929,50,9966
nation,England,E92000001,2021-03-04,5011,3763167,4956,3753251,55,9916
nation,England,E92000001,2021-03-03,5305,3758156,5252,3748295,53,9861
nation,England,E92000001,2021-03-02,5951,3752851,5856,3743043,95,9808
nation,England,E92000001,2021-03-01,6215,3746900,6088,3737187,127,9713
nation,England,E92000001,2021-02-28,4112,3740685,4080,3731099,32,9586
nation,England,E92000001,2021-02-27,4254,3736573,4230,3727019,24,9554
nation,England,E92000001,2021-02-26,5883,3732319,5831,3722789,52,9530
nation,England,E92000001,2021-02-25,6935,3726436,6832,3716958,103,9478
nation,England,E92000001,2021-02-24,7620,3719501,7525,3710126,95,9375
nation,England,E92000001,2021-02-23,8536,3711881,8424,3702601,112,9280
nation,England,E92000001,2021-02-22,10278,3703345,10120,3694177,158,9168
nation,England,E92000001,2021-02-21,7032,3693067,6986,3684057,46,9010
nation,England,E92000001,2021-02-20,7161,3686035,7113,3677071,48,8964
nation,England,E92000001,2021-02-19,9246,3678874,9139,3669958,107,8916
nation,England,E92000001,2021-02-18,10304,3669628,10207,3660819,97,8809
nation,England,E92000001,2021-02-17,10419,3659324,10316,3650612,103,8712
nation,England,E92000001,2021-02-16,11270,3648905,11171,3640296,99,8609
nation,England,E92000001,2021-02-15,12953,3637635,12804,3629125,149,8510
nation,England,E92000001,2021-02-14,7780,3624682,7743,3616321,37,8361
nation,England,E92000001,2021-02-13,8025,3616902,7985,3608578,40,8324
nation,England,E92000001,2021-02-12,10986,3608877,10893,3600593,93,8284
nation,England,E92000001,2021-02-11,11637,3597891,11567,3589700,70,8191
nation,England,E92000001,2021-02-10,12272,3586254,12173,3578133,99,8121
nation,England,E92000001,2021-02-09,12696,3573982,12591,3565960,105,8022
nation,England,E92000001,2021-02-08,14370,3561286,14268,3553369,102,7917
nation,England,E92000001,2021-02-07,10457,3546916,10420,3539101,37,7815
nation,England,E92000001,2021-02-06,10951,3536459,10910,3528681,41,7778
nation,England,E92000001,2021-02-05,14462,3525508,14374,3517771,88,7737
nation,England,E92000001,2021-02-04,16717,3511046,16629,3503397,88,7649
nation,England,E92000001,2021-02-03,17948,3494329,17851,3486768,97,7561
nation,England,E92000001,2021-02-02,18194,3476381,18100,3468917,94,7464
nation,England,E92000001,2021-02-01,20765,3458187,20672,3450817,93,7370
nation,England,E92000001,2021-01-31,14138,3437422,14089,3430145,49,7277
nation,England,E92000001,2021-01-30,15524,3423284,15463,3416056,61,7228
nation,England,E92000001,2021-01-29,20362,3407760,20276,3400593,86,7167
nation,England,E92000001,2021-01-28,22523,3387398,22428,3380317,95,7081
nation,England,E92000001,2021-01-27,23899,3364875,23806,3357889,93,6986
nation,England,E92000001,2021-01-26,25210,3340976,25086,3334083,124,6893
nation,England,E92000001,2021-01-25,27972,3315766,27851,3308997,121,6769
nation,England,E92000001,2021-01-24,15883,3287794,15850,3281146,33,6648
nation,England,E92000001,2021-01-23,20426,3271911,20365,3265296,61,6615
nation,England,E92000001,2021-01-22,27741,3251485,27643,3244931,98,6554
nation,England,E92000001,2021-01-21,29633,3223744,29518,3217288,115,6456
nation,England,E92000001,2021-01-20,32679,3194111,32547,3187770,132,6341
nation,England,E92000001,2021-01-19,37056,3161432,36894,3155223,162,6209
nation,England,E92000001,2021-01-18,41936,3124376,41759,3118329,177,6047
nation,England,E92000001,2021-01-17,26976,3082440,26904,3076570,72,5870
nation,England,E92000001,2021-01-16,28413,3055464,28335,3049666,78,5798
nation,England,E92000001,2021-01-15,37878,3027051,37759,3021331,119,5720
nation,England,E92000001,2021-01-14,39659,2989173,39527,2983572,132,5601
nation,England,E92000001,2021-01-13,42303,2949514,42198,2944045,105,5469
nation,England,E92000001,2021-01-12,45968,2907211,45798,2901847,170,5364
nation,England,E92000001,2021-01-11,53519,2861243,53344,2856049,175,5194
nation,England,E92000001,2021-01-10,33749,2807724,33692,2802705,57,5019
nation,England,E92000001,2021-01-09,36419,2773975,36348,2769013,71,4962
nation,England,E92000001,2021-01-08,43494,2737556,43381,2732665,113,4891
nation,England,E92000001,2021-01-07,48132,2694062,48018,2689284,114,4778
nation,England,E92000001,2021-01-06,52752,2645930,52622,2641266,130,4664
nation,England,E92000001,2021-01-05,59599,2593178,59426,2588644,173,4534
nation,England,E92000001,2021-01-04,70919,2533579,70760,2529218,159,4361
nation,England,E92000001,2021-01-03,50664,2462660,50599,2458458,65,4202
nation,England,E92000001,2021-01-02,55428,2411996,55345,2407859,83,4137
nation,England,E92000001,2021-01-01,28879,2356568,28836,2352514,43,4054
nation,England,E92000001,2020-12-31,47823,2327689,47759,2323678,64,4011
nation,England,E92000001,2020-12-30,64243,2279866,64131,2275919,112,3947
nation,England,E92000001,2020-12-29,74058,2215623,73926,2211788,132,3835
nation,England,E92000001,2020-12-28,40845,2141565,40798,2137862,47,3703
nation,England,E92000001,2020-12-27,43250,2100720,43200,2097064,50,3656
nation,England,E92000001,2020-12-26,37462,2057470,37421,2053864,41,3606
nation,England,E92000001,2020-12-25,12926,2020008,12906,2016443,20,3565
nation,England,E92000001,2020-12-24,29287,2007082,29244,2003537,43,3545
nation,England,E92000001,2020-12-23,38383,1977795,38326,1974293,57,3502
nation,England,E92000001,2020-12-22,41741,1939412,41658,1935967,83,3445
nation,England,E92000001,2020-12-21,43446,1897671,43383,1894309,63,3362
nation,England,E92000001,2020-12-20,29556,1854225,29523,1850926,33,3299
nation,England,E92000001,2020-12-19,22196,1824669,22168,1821403,28,3266
nation,England,E92000001,2020-12-18,32426,1802473,32380,1799235,46,3238
nation,England,E92000001,2020-12-17,30160,1770047,30116,1766855,44,3192
nation,England,E92000001,2020-12-16,30650,1739887,30611,1736739,39,3148
nation,England,E92000001,2020-12-15,29652,1709237,29609,1706128,43,3109
nation,England,E92000001,2020-12-14,30019,1679585,29975,1676519,44,3066
nation,England,E92000001,2020-12-13,18409,1649566,18391,1646544,18,3022
nation,England,E92000001,2020-12-12,16268,1631157,16241,1628153,27,3004
nation,England,E92000001,2020-12-11,20177,1614889,20142,1611912,35,2977
nation,England,E92000001,2020-12-10,18850,1594712,18819,1591770,31,2942
nation,England,E92000001,2020-12-09,17744,1575862,17708,1572951,36,2911
nation,England,E92000001,2020-12-08,16937,1558118,16902,1555243,35,2875
nation,England,E92000001,2020-12-07,17663,1541181,17627,1538341,36,2840
nation,England,E92000001,2020-12-06,11036,1523518,11022,1520714,14,2804
nation,England,E92000001,2020-12-05,10302,1512482,10295,1509692,7,2790
nation,England,E92000001,2020-12-04,13065,1502180,13045,1499397,20,2783
nation,England,E92000001,2020-12-03,12762,1489115,12734,1486352,28,2763
nation,England,E92000001,2020-12-02,13662,1476353,13636,1473618,26,2735
nation,England,E92000001,2020-12-01,13731,1462691,13700,1459982,31,2709
nation,England,E92000001,2020-11-30,15227,1448960,15202,1446282,25,2678
nation,England,E92000001,2020-11-29,9067,1433733,9055,1431080,12,2653
nation,England,E92000001,2020-11-28,9347,1424666,9332,1422025,15,2641
nation,England,E92000001,2020-11-27,12460,1415319,12437,1412693,23,2626
nation,England,E92000001,2020-11-26,12459,1402859,12441,1400256,18,2603
nation,England,E92000001,2020-11-25,14154,1390400,14129,1387815,25,2585
nation,England,E92000001,2020-11-24,14264,1376246,14238,1373686,26,2560
nation,England,E92000001,2020-11-23,16472,1361982,16449,1359448,23,2534
nation,England,E92000001,2020-11-22,10216,1345510,10206,1342999,10,2511
nation,England,E92000001,2020-11-21,10806,1335294,10794,1332793,12,2501
nation,England,E92000001,2020-11-20,14960,1324488,14936,1321999,24,2489
nation,England,E92000001,2020-11-19,15797,1309528,15775,1307063,22,2465
nation,England,E92000001,2020-11-18,18549,1293731,18516,1291288,33,2443
nation,England,E92000001,2020-11-17,20676,1275182,20654,1272772,22,2410
nation,England,E92000001,2020-11-16,24135,1254506,24107,1252118,28,2388
nation,England,E92000001,2020-11-15,14421,1230371,14408,1228011,13,2360
nation,England,E92000001,2020-11-14,16290,1215950,16278,1213603,12,2347
nation,England,E92000001,2020-11-13,22008,1199660,21982,1197325,26,2335
nation,England,E92000001,2020-11-12,22320,1177652,22289,1175343,31,2309
nation,England,E92000001,2020-11-11,25065,1155332,25036,1153054,29,2278
nation,England,E92000001,2020-11-10,24836,1130267,24803,1128018,33,2249
nation,England,E92000001,2020-11-09,28561,1105431,28519,1103215,42,2216
nation,England,E92000001,2020-11-08,18272,1076870,18254,1074696,18,2174
nation,England,E92000001,2020-11-07,16888,1058598,16877,1056442,11,2156
nation,England,E92000001,2020-11-06,21180,1041710,21146,1039565,34,2145
nation,England,E92000001,2020-11-05,21205,1020530,21167,1018419,38,2111
nation,England,E92000001,2020-11-04,21053,999325,21021,997252,32,2073
nation,England,E92000001,2020-11-03,22690,978272,22649,976231,41,2041
nation,England,E92000001,2020-11-02,28393,955582,28355,953582,38,2000
nation,England,E92000001,2020-11-01,13611,927189,13591,925227,20,1962
nation,England,E92000001,2020-10-31,14565,913578,14549,911636,16,1942
nation,England,E92000001,2020-10-30,19899,899013,19871,897087,28,1926
nation,England,E92000001,2020-10-29,20257,879114,20227,877216,30,1898
nation,England,E92000001,2020-10-28,20547,858857,20523,856989,24,1868
nation,England,E92000001,2020-10-27,20761,838310,20740,836466,21,1844
nation,England,E92000001,2020-10-26,23033,817549,23008,815726,25,1823
nation,England,E92000001,2020-10-25,13354,794516,13345,792718,9,1798
nation,England,E92000001,2020-10-24,13713,781162,13696,779373,17,1789
nation,England,E92000001,2020-10-23,18359,767449,18329,765677,30,1772
nation,England,E92000001,2020-10-22,19866,749090,19849,747348,17,1742
nation,England,E92000001,2020-10-21,21762,729224,21735,727499,27,1725
nation,England,E92000001,2020-10-20,21638,707462,21590,705764,48,1698
nation,England,E92000001,2020-10-19,22369,685824,22342,684174,27,1650
nation,England,E92000001,2020-10-18,11982,663455,11966,661832,16,1623
nation,England,E92000001,2020-10-17,12487,651473,12472,649866,15,1607
nation,England,E92000001,2020-10-16,14761,638986,14730,637394,31,1592
nation,England,E92000001,2020-10-15,15429,624225,15394,622664,35,1561
nation,England,E92000001,2020-10-14,16646,608796,16626,607270,20,1526
nation,England,E92000001,2020-10-13,15660,592150,15625,590644,35,1506
nation,England,E92000001,2020-10-12,16420,576490,16395,575019,25,1471
nation,England,E92000001,2020-10-11,9781,560070,9772,558624,9,1446
nation,England,E92000001,2020-10-10,10301,550289,10287,548852,14,1437
nation,England,E92000001,2020-10-09,13159,539988,13131,538565,28,1423
nation,England,E92000001,2020-10-08,15452,526829,15434,525434,18,1395
nation,England,E92000001,2020-10-07,15418,511377,15387,510000,31,1377
nation,England,E92000001,2020-10-06,14458,495959,14430,494613,28,1346
nation,England,E92000001,2020-10-05,14218,481501,14184,480183,34,1318
nation,England,E92000001,2020-10-04,9966,467283,9957,465999,9,1284
nation,England,E92000001,2020-10-03,9820,457317,9810,456042,10,1275
nation,England,E92000001,2020-10-02,11719,447497,11692,446232,27,1265
nation,England,E92000001,2020-10-01,11444,435778,11416,434540,28,1238
nation,England,E92000001,2020-09-30,10663,424334,10632,423124,31,1210
nation,England,E92000001,2020-09-29,8832,413671,8797,412492,35,1179
nation,England,E92000001,2020-09-28,8641,404839,8625,403695,16,1144
nation,England,E92000001,2020-09-27,6084,396198,6075,395070,9,1128
nation,England,E92000001,2020-09-26,5704,390114,5699,388995,5,1119
nation,England,E92000001,2020-09-25,6105,384410,6090,383296,15,1114
nation,England,E92000001,2020-09-24,6361,378305,6340,377206,21,1099
nation,England,E92000001,2020-09-23,5933,371944,5913,370866,20,1078
nation,England,E92000001,2020-09-22,5400,366011,5379,364953,21,1058
nation,England,E92000001,2020-09-21,4727,360611,4715,359574,12,1037
nation,England,E92000001,2020-09-20,4652,355884,4645,354859,7,1025
nation,England,E92000001,2020-09-19,4215,351232,4210,350214,5,1018
nation,England,E92000001,2020-09-18,4290,347017,4266,346004,24,1013
nation,England,E92000001,2020-09-17,3979,342727,3959,341738,20,989
nation,England,E92000001,2020-09-16,3778,338748,3753,337779,25,969
nation,England,E92000001,2020-09-15,3057,334970,3032,334026,25,944
nation,England,E92000001,2020-09-14,2941,331913,2915,330994,26,919
nation,England,E92000001,2020-09-13,1722,328972,1719,328079,3,893
nation,England,E92000001,2020-09-12,2224,327250,2215,326360,9,890
nation,England,E92000001,2020-09-11,2893,325026,2868,324145,25,881
nation,England,E92000001,2020-09-10,3143,322133,3123,321277,20,856
nation,England,E92000001,2020-09-09,2893,318990,2873,318154,20,836
nation,England,E92000001,2020-09-08,3071,316097,3035,315281,36,816
nation,England,E92000001,2020-09-07,3530,313026,3482,312246,48,780
nation,England,E92000001,2020-09-06,2079,309496,2069,308764,10,732
nation,England,E92000001,2020-09-05,2200,307417,2195,306695,5,722
nation,England,E92000001,2020-09-04,2637,305217,2605,304500,32,717
nation,England,E92000001,2020-09-03,2716,302580,2671,301895,45,685
nation,England,E92000001,2020-09-02,2696,299864,2643,299224,53,640
nation,England,E92000001,2020-09-01,1962,297168,1941,296581,21,587
nation,England,E92000001,2020-08-31,1279,295206,1272,294640,7,566
nation,England,E92000001,2020-08-30,987,293927,983,293368,4,559
nation,England,E92000001,2020-08-29,1051,292940,1047,292385,4,555
nation,England,E92000001,2020-08-28,1395,291889,1386,291338,9,551
nation,England,E92000001,2020-08-27,1356,290494,1330,289952,26,542
nation,England,E92000001,2020-08-26,1181,289138,1156,288622,25,516
nation,England,E92000001,2020-08-25,1085,287957,1069,287466,16,491
nation,England,E92000001,2020-08-24,1157,286872,1146,286397,11,475
nation,England,E92000001,2020-08-23,704,285715,701,285251,3,464
nation,England,E92000001,2020-08-22,732,285011,727,284550,5,461
nation,England,E92000001,2020-08-21,1031,284279,1014,283823,17,456
nation,England,E92000001,2020-08-20,1254,283248,1231,282809,23,439
nation,England,E92000001,2020-08-19,1109,281994,1086,281578,23,416
nation,England,E92000001,2020-08-18,955,280885,939,280492,16,393
nation,England,E92000001,2020-08-17,1159,279930,1150,279553,9,377
nation,England,E92000001,2020-08-16,534,278771,529,278403,5,368
nation,England,E92000001,2020-08-15,656,278237,655,277874,1,363
nation,England,E92000001,2020-08-14,1059,277581,1040,277219,19,362
nation,England,E92000001,2020-08-13,1036,276522,1030,276179,6,343
nation,England,E92000001,2020-08-12,1126,275486,1107,275149,19,337
nation,England,E92000001,2020-08-11,1247,274360,1221,274042,26,318
nation,England,E92000001,2020-08-10,1375,273113,1361,272821,14,292
nation,England,E92000001,2020-08-09,569,271738,565,271460,4,278
nation,England,E92000001,2020-08-08,648,271169,642,270895,6,274
nation,England,E92000001,2020-08-07,892,270521,881,270253,11,268
nation,England,E92000001,2020-08-06,1005,269629,991,269372,14,257
nation,England,E92000001,2020-08-05,974,268624,952,268381,22,243
nation,England,E92000001,2020-08-04,965,267650,938,267429,27,221
nation,England,E92000001,2020-08-03,963,266685,947,266491,16,194
nation,England,E92000001,2020-08-02,518,265722,514,265544,4,178
nation,England,E92000001,2020-08-01,508,265204,503,265030,5,174
nation,England,E92000001,2020-07-31,644,264696,635,264527,9,169
nation,England,E92000001,2020-07-30,879,264052,864,263892,15,160
nation,England,E92000001,2020-07-29,994,263173,979,263028,15,145
nation,England,E92000001,2020-07-28,796,262179,783,262049,13,130
nation,England,E92000001,2020-07-27,824,261383,814,261266,10,117
nation,England,E92000001,2020-07-26,518,260559,517,260452,1,107
nation,England,E92000001,2020-07-25,499,260041,496,259935,3,106
nation,England,E92000001,2020-07-24,720,259542,712,259439,8,103
nation,England,E92000001,2020-07-23,741,258822,736,258727,5,95
nation,England,E92000001,2020-07-22,764,258081,756,257991,8,90
nation,England,E92000001,2020-07-21,697,257317,691,257235,6,82
nation,England,E92000001,2020-07-20,769,256620,759,256544,10,76
nation,England,E92000001,2020-07-19,419,255851,414,255785,5,66
nation,England,E92000001,2020-07-18,473,255432,471,255371,2,61
nation,England,E92000001,2020-07-17,548,254959,547,254900,1,59
nation,England,E92000001,2020-07-16,644,254411,639,254353,5,58
nation,England,E92000001,2020-07-15,726,253767,722,253714,4,53
nation,England,E92000001,2020-07-14,661,253041,657,252992,4,49
nation,England,E92000001,2020-07-13,694,252380,694,252335,0,45
nation,England,E92000001,2020-07-12,351,251686,351,251641,0,45
nation,England,E92000001,2020-07-11,433,251335,429,251290,4,45
nation,England,E92000001,2020-07-10,524,250902,521,250861,3,41
nation,England,E92000001,2020-07-09,688,250378,682,250340,6,38
nation,England,E92000001,2020-07-08,682,249690,676,249658,6,32
nation,England,E92000001,2020-07-07,565,249008,562,248982,3,26
nation,England,E92000001,2020-07-06,664,248443,660,248420,4,23
nation,England,E92000001,2020-07-05,544,247779,543,247760,1,19
nation,England,E92000001,2020-07-04,385,247235,385,247217,0,18
nation,England,E92000001,2020-07-03,536,246850,535,246832,1,18
nation,England,E92000001,2020-07-02,561,246314,557,246297,4,17
nation,England,E92000001,2020-07-01,607,245753,604,245740,3,13
nation,England,E92000001,2020-06-30,578,245146,577,245136,1,10
nation,England,E92000001,2020-06-29,666,244568,664,244559,2,9
nation,England,E92000001,2020-06-28,413,243902,412,243895,1,7
nation,England,E92000001,2020-06-27,506,243489,504,243483,2,6
nation,England,E92000001,2020-06-26,640,242983,639,242979,1,4
nation,England,E92000001,2020-06-25,643,242343,643,242340,0,3
nation,England,E92000001,2020-06-24,732,241700,731,241697,1,3
nation,England,E92000001,2020-06-23,727,240968,726,240966,1,2
nation,England,E92000001,2020-06-22,821,240241,821,240240,0,1
nation,England,E92000001,2020-06-21,550,239420,550,239419,0,1
nation,England,E92000001,2020-06-20,626,238870,626,238869,0,1
nation,England,E92000001,2020-06-19,818,238244,817,238243,1,1
nation,England,E92000001,2020-06-18,938,237426,938,237426,,
nation,England,E92000001,2020-06-17,914,236488,914,236488,,
nation,England,E92000001,2020-06-16,996,235574,996,235574,,
nation,England,E92000001,2020-06-15,944,234578,944,234578,,
nation,England,E92000001,2020-06-14,752,233634,752,233634,,
nation,England,E92000001,2020-06-13,785,232882,785,232882,,
nation,England,E92000001,2020-06-12,938,232097,938,232097,,
nation,England,E92000001,2020-06-11,915,231159,915,231159,,
nation,England,E92000001,2020-06-10,1086,230244,1086,230244,,
nation,England,E92000001,2020-06-09,1066,229158,1066,229158,,
nation,England,E92000001,2020-06-08,990,228092,990,228092,,
nation,England,E92000001,2020-06-07,668,227102,668,227102,,
nation,England,E92000001,2020-06-06,723,226434,723,226434,,
nation,England,E92000001,2020-06-05,1020,225711,1020,225711,,
nation,England,E92000001,2020-06-04,1147,224691,1147,224691,,
nation,England,E92000001,2020-06-03,1251,223544,1251,223544,,
nation,England,E92000001,2020-06-02,1365,222293,1365,222293,,
nation,England,E92000001,2020-06-01,1319,220928,1319,220928,,
nation,England,E92000001,2020-05-31,984,219609,984,219609,,
nation,England,E92000001,2020-05-30,1010,218625,1010,218625,,
nation,England,E92000001,2020-05-29,1375,217615,1375,217615,,
nation,England,E92000001,2020-05-28,1575,216240,1575,216240,,
nation,England,E92000001,2020-05-27,1616,214665,1616,214665,,
nation,England,E92000001,2020-05-26,1461,213049,1461,213049,,
nation,England,E92000001,2020-05-25,1389,211588,1389,211588,,
nation,England,E92000001,2020-05-24,1206,210199,1206,210199,,
nation,England,E92000001,2020-05-23,1309,208993,1309,208993,,
nation,England,E92000001,2020-05-22,1798,207684,1798,207684,,
nation,England,E92000001,2020-05-21,2277,205886,2277,205886,,
nation,England,E92000001,2020-05-20,2359,203609,2359,203609,,
nation,England,E92000001,2020-05-19,2602,201250,2602,201250,,
nation,England,E92000001,2020-05-18,2226,198648,2226,198648,,
nation,England,E92000001,2020-05-17,1593,196422,1593,196422,,
nation,England,E92000001,2020-05-16,1781,194829,1781,194829,,
nation,England,E92000001,2020-05-15,2145,193048,2145,193048,,
nation,England,E92000001,2020-05-14,2222,190903,2222,190903,,
nation,England,E92000001,2020-05-13,2899,188681,2899,188681,,
nation,England,E92000001,2020-05-12,2940,185782,2940,185782,,
nation,England,E92000001,2020-05-11,3088,182842,3088,182842,,
nation,England,E92000001,2020-05-10,2013,179754,2013,179754,,
nation,England,E92000001,2020-05-09,1797,177741,1797,177741,,
nation,England,E92000001,2020-05-08,2622,175944,2622,175944,,
nation,England,E92000001,2020-05-07,3205,173322,3205,173322,,
nation,England,E92000001,2020-05-06,3264,170117,3264,170117,,
nation,England,E92000001,2020-05-05,3148,166853,3148,166853,,
nation,England,E92000001,2020-05-04,2851,163705,2851,163705,,
nation,England,E92000001,2020-05-03,2648,160854,2648,160854,,
nation,England,E92000001,2020-05-02,2762,158206,2762,158206,,
nation,England,E92000001,2020-05-01,4109,155444,4109,155444,,
nation,England,E92000001,2020-04-30,4314,151335,4314,151335,,
nation,England,E92000001,2020-04-29,4737,147021,4737,147021,,
nation,England,E92000001,2020-04-28,4113,142284,4113,142284,,
nation,England,E92000001,2020-04-27,4056,138171,4056,138171,,
nation,England,E92000001,2020-04-26,3137,134115,3137,134115,,
nation,England,E92000001,2020-04-25,3381,130978,3381,130978,,
nation,England,E92000001,2020-04-24,4352,127597,4352,127597,,
nation,England,E92000001,2020-04-23,4574,123245,4574,123245,,
nation,England,E92000001,2020-04-22,4812,118671,4812,118671,,
nation,England,E92000001,2020-04-21,3996,113859,3996,113859,,
nation,England,E92000001,2020-04-20,3698,109863,3698,109863,,
nation,England,E92000001,2020-04-19,3494,106165,3494,106165,,
nation,England,E92000001,2020-04-18,4142,102671,4142,102671,,
nation,England,E92000001,2020-04-17,4088,98529,4088,98529,,
nation,England,E92000001,2020-04-16,4360,94441,4360,94441,,
nation,England,E92000001,2020-04-15,4240,90081,4240,90081,,
nation,England,E92000001,2020-04-14,3568,85841,3568,85841,,
nation,England,E92000001,2020-04-13,3463,82273,3463,82273,,
nation,England,E92000001,2020-04-12,2958,78810,2958,78810,,
nation,England,E92000001,2020-04-11,3085,75852,3085,75852,,
nation,England,E92000001,2020-04-10,3590,72767,3590,72767,,
nation,England,E92000001,2020-04-09,4076,69177,4076,69177,,
nation,England,E92000001,2020-04-08,4315,65101,4315,65101,,
nation,England,E92000001,2020-04-07,4605,60786,4605,60786,,
nation,England,E92000001,2020-04-06,4407,56181,4407,56181,,
nation,England,E92000001,2020-04-05,3094,51774,3094,51774,,
nation,England,E92000001,2020-04-04,3405,48680,3405,48680,,
nation,England,E92000001,2020-04-03,4102,45275,4102,45275,,
nation,England,E92000001,2020-04-02,4097,41173,4097,41173,,
nation,England,E92000001,2020-04-01,4150,37076,4150,37076,,
nation,England,E92000001,2020-03-31,3816,32926,3816,32926,,
nation,England,E92000001,2020-03-30,3514,29110,3514,29110,,
nation,England,E92000001,2020-03-29,2449,25596,2449,25596,,
nation,England,E92000001,2020-03-28,2379,23147,2379,23147,,
nation,England,E92000001,2020-03-27,2672,20768,2672,20768,,
nation,England,E92000001,2020-03-26,2633,18096,2633,18096,,
nation,England,E92000001,2020-03-25,2284,15463,2284,15463,,
nation,England,E92000001,2020-03-24,2041,13179,2041,13179,,
nation,England,E92000001,2020-03-23,2010,11138,2010,11138,,
nation,England,E92000001,2020-03-22,1212,9128,1212,9128,,
nation,England,E92000001,2020-03-21,1040,7916,1040,7916,,
nation,England,E92000001,2020-03-20,1096,6876,1096,6876,,
nation,England,E92000001,2020-03-19,932,5780,932,5780,,
nation,England,E92000001,2020-03-18,910,4848,910,4848,,
nation,England,E92000001,2020-03-17,683,3938,683,3938,,
nation,England,E92000001,2020-03-16,552,3255,552,3255,,
nation,England,E92000001,2020-03-15,398,2703,398,2703,,
nation,England,E92000001,2020-03-14,315,2305,315,2305,,
nation,England,E92000001,2020-03-13,401,1990,401,1990,,
nation,England,E92000001,2020-03-12,421,1589,421,1589,,
nation,England,E92000001,2020-03-11,358,1168,358,1168,,
nation,England,E92000001,2020-03-10,229,810,229,810,,
nation,England,E92000001,2020-03-09,127,581,127,581,,
nation,England,E92000001,2020-03-08,50,454,50,454,,
nation,England,E92000001,2020-03-07,55,404,55,404,,
nation,England,E92000001,2020-03-06,74,349,74,349,,
nation,England,E92000001,2020-03-05,46,275,46,275,,
nation,England,E92000001,2020-03-04,49,229,49,229,,
nation,England,E92000001,2020-03-03,53,180,53,180,,
nation,England,E92000001,2020-03-02,40,127,40,127,,
nation,England,E92000001,2020-03-01,18,87,18,87,,
nation,England,E92000001,2020-02-29,4,69,4,69,,
nation,England,E92000001,2020-02-28,11,65,11,65,,
nation,England,E92000001,2020-02-27,7,54,7,54,,
nation,England,E92000001,2020-02-26,1,47,1,47,,
nation,England,E92000001,2020-02-25,3,46,3,46,,
nation,England,E92000001,2020-02-24,2,43,2,43,,
nation,England,E92000001,2020-02-23,6,41,6,41,,
nation,England,E92000001,2020-02-22,0,35,0,35,,
nation,England,E92000001,2020-02-21,2,35,2,35,,
nation,England,E92000001,2020-02-20,0,33,0,33,,
nation,England,E92000001,2020-02-19,0,33,0,33,,
nation,England,E92000001,2020-02-18,0,33,0,33,,
nation,England,E92000001,2020-02-17,1,33,1,33,,
nation,England,E92000001,2020-02-16,0,32,0,32,,
nation,England,E92000001,2020-02-15,0,32,0,32,,
nation,England,E92000001,2020-02-14,0,32,0,32,,
nation,England,E92000001,2020-02-13,1,32,1,32,,
nation,England,E92000001,2020-02-12,1,31,1,31,,
nation,England,E92000001,2020-02-11,4,30,4,30,,
nation,England,E92000001,2020-02-10,1,26,1,26,,
nation,England,E92000001,2020-02-09,1,25,1,25,,
nation,England,E92000001,2020-02-08,3,24,3,24,,
nation,England,E92000001,2020-02-07,0,21,0,21,,
nation,England,E92000001,2020-02-06,0,21,0,21,,
nation,England,E92000001,2020-02-05,1,21,1,21,,
nation,England,E92000001,2020-02-04,0,20,0,20,,
nation,England,E92000001,2020-02-03,18,20,18,20,,
nation,England,E92000001,2020-02-02,1,2,1,2,,
nation,England,E92000001,2020-02-01,0,1,0,1,,
nation,England,E92000001,2020-01-31,0,1,0,1,,
nation,England,E92000001,2020-01-30,1,1,1,1,,
